gene	allele	PV id	function	SV	overall freq	non EUR freq	AFR freq	AMR freq	EAS freq	EUR freq	SAS freq	other freq
CYP2C19	*1	PV00598	normal function	False	0.64	0.65	0.5	0.79	0.61	0.64	0.47	0.65
CYP2C19	*17	PV00614	increased function	False	0.2	0.14	0.23	0.1	0.0077	0.21	0.16	0.17
CYP2C19	*2	PV00599	no function	False	0.15	0.17	0.18	0.1	0.31	0.15	0.36	0.15
CYP2C19	*3	PV00600	no function	False	0.0029	0.013	0.00063	0	0.074	0.00016	0.0024	0.0058
CYP2C19	*4	PV00601	no function	False	0.0028	0.0021	0	0.0029	0.002	0.0029	0.00079	0.0024
CYP2C19	*11	PV00608	normal function	False	0.0025	0.00078	0.00063	0.0003	0	0.003	0.00079	0.0012
CYP2C19	*15	PV00612	normal function	False	0.0014	0.0046	0.022	0.0017	0	0.00054	0	0.004
CYP2C19	*35	PV00629	no function	False	0.0012	0.0044	0.021	0.0018	0.00022	0.00031	0	0.0038
CYP2C19	*13	PV00610	normal function	False	0.00076	0.0034	0.019	0.00045	0	5.4e-05	0	0.0028
CYP2C19	*9	PV00606	decreased function	False	0.00056	0.0025	0.014	0.00015	0	3.8e-05	0	0.0022
CYP2C19	*6	PV00603	no function	False	0.00033	0.00058	0	0.0009	0.00066	0.00027	0	0.00058
CYP2C19	*10	PV00607	decreased function	False	0.00024	0.00066	0.0028	0.00045	0	0.00013	0	0.00058
CYP2C19	*36	PV00730	no function	True	0.0002	5.8e-05	0	0	0	0.00024	0	0.0001
CYP2C19	*8	PV00605	no function	False	0.00016	5.8e-05	0	0	0.00022	0.00018	0	5.2e-05
CYP2C19	*33	PV00627	uncertain function	False	0.00014	0.00014	0	0.0003	0.00022	0.00014	0	0.0001
CYP2C19	*1x2	NA	NA	True	0.00013	0.00012	0	0.00015	0.00022	0.00014	0	0.0001
CYP2C19	*22	PV00617	no function	False	0.00012	0.00058	0.0038	0.00015	0	0	0	0.00037
CYP2C19	*12	PV00609	uncertain function	False	6.6e-05	0.00032	0.0019	0	0	0	0	0.00026
CYP2C19	*24	PV00619	no function	False	6e-05	0.0002	0.00031	0	0	2.3e-05	0	0.00031
CYP2C19	*17x2	NA	NA	True	3.6e-05	0	0	0	0	4.6e-05	0	0
CYP2C19	*18	PV00615	normal function	False	2.4e-05	0	0	0	0	3.1e-05	0	0
CYP2C19	*34	PV00628	uncertain function	False	2.4e-05	0.00012	0	0	0	0	0.0016	0.0001
CYP2C19	*2x2	NA	NA	True	1.8e-05	2.9e-05	0	0	0.00022	1.5e-05	0	0
CYP2C19	*5	PV00602	no function	False	1.8e-05	5.8e-05	0	0	0.00022	7.6e-06	0	5.2e-05
CYP2C19	*25	PV00620	decreased function	False	1.2e-05	0	0	0	0	1.5e-05	0	0
CYP2C19	*30	PV00624	uncertain function	False	1.2e-05	0	0	0	0	1.5e-05	0	0
CYP2C19	*16	PV00613	decreased function	False	6e-06	2.9e-05	0	0	0	0	0	5.2e-05
CYP2C9	*1	PV00537	normal function	False	0.81	0.84	0.78	0.87	0.96	0.8	0.83	0.82
CYP2C9	*2	PV00538	decreased function	False	0.12	0.07	0.02	0.075	0.0022	0.13	0.048	0.094
CYP2C9	*3	PV00539	no function	False	0.062	0.044	0.0091	0.043	0.025	0.067	0.1	0.051
CYP2C9	*9	PV00545	normal function	False	0.0033	0.015	0.082	0.0046	0	0.00029	0	0.012
CYP2C9	*11	PV00547	decreased function	False	0.0028	0.004	0.019	0.001	0	0.0025	0.00076	0.0037
CYP2C9	*12	PV00548	decreased function	False	0.0028	0.0015	0.00061	0.0015	0	0.0031	0	0.0022
CYP2C9	*8	PV00544	decreased function	False	0.0027	0.011	0.06	0.0032	0.00022	0.00046	0	0.0095
CYP2C9	*6	PV00542	no function	False	0.00054	0.0023	0.013	0.00029	0	7.3e-05	0	0.0019
CYP2C9	*5	PV00541	decreased function	False	0.00044	0.0019	0.0091	0.001	0	4.4e-05	0	0.0016
CYP2C9	*14	PV00550	decreased function	False	0.00034	0.0012	0	0	0	0.00011	0.018	0.00096
CYP2C9	*29	PV00565	decreased function	False	0.00032	0.00034	0	0.00015	0.00066	0.00032	0	0.00041
CYP2C9	*36	PV00572	uncertain function	False	0.00027	0.00065	0.0024	0.00029	0.00088	0.00018	0.00076	0.00041
CYP2C9	*45	PV00581	no function	False	0.00025	0.0002	0	0.00029	0	0.00026	0	0.00025
CYP2C9	*1x2	NA	NA	True	0.00019	0.00017	0.0003	0	0.00022	0.0002	0	0.0002
CYP2C9	*21	PV00557	uncertain function	False	0.00019	0.00042	0	0.00015	0	0.00012	0	0.00071
CYP2C9	*44	PV00580	decreased function	False	0.00013	0.00022	0	0.00044	0.00066	0.00011	0	0.0001
CYP2C9	*61	PV00597	decreased function	False	0.00011	0.00053	0	0.00044	0	0	0	0.00081
CYP2C9	*13	PV00549	no function	False	7e-05	0.00034	0	0	0.0022	0	0	0.0001
CYP2C9	*31	PV00567	decreased function	False	5.8e-05	0.00025	0.0003	0	0.0011	7.3e-06	0	0.00015
CYP2C9	*42	PV00578	no function	False	5.8e-05	2.8e-05	0	0	0.00022	6.6e-05	0	0
CYP2C9	*33	PV00569	no function	False	5.2e-05	0.00014	0	0.00029	0.00022	2.9e-05	0.00076	5.1e-05
CYP2C9	*19	PV00555	uncertain function	False	4.1e-05	0.0002	0	0	0.0015	0	0	0
CYP2C9	*27	PV00563	uncertain function	False	4.1e-05	0.0002	0	0	0.0011	0	0	0.0001
CYP2C9	*35	PV00571	no function	False	2.9e-05	2.8e-05	0	0	0	2.9e-05	0	5.1e-05
CYP2C9	*16	PV00552	decreased function	False	2.3e-05	0.00011	0	0	0.00088	0	0	0
CYP2C9	*32	PV00568	uncertain function	False	2.3e-05	5.6e-05	0	0	0	1.5e-05	0	0.0001
CYP2C9	*34	PV00570	uncertain function	False	2.3e-05	0	0	0	0	2.9e-05	0	0
CYP2C9	*10	PV00546	uncertain function	False	1.7e-05	0	0	0	0	2.2e-05	0	0
CYP2C9	*39	PV00575	no function	False	1.7e-05	0	0	0	0	2.2e-05	0	0
CYP2C9	*41	PV00577	uncertain function	False	1.7e-05	8.4e-05	0	0	0.00022	0	0	0.0001
CYP2C9	*43	PV00579	no function	False	1.7e-05	2.8e-05	0	0	0	1.5e-05	0	5.1e-05
CYP2C9	*54	PV00590	uncertain function	False	1.7e-05	5.6e-05	0	0	0	7.3e-06	0	0.0001
CYP2C9	*22	PV00558	uncertain function	False	1.2e-05	0	0	0	0	1.5e-05	0	0
CYP2C9	*23	PV00559	decreased function	False	1.2e-05	0	0	0	0	1.5e-05	0	0
CYP2C9	*2x2	NA	NA	True	1.2e-05	0	0	0	0	1.5e-05	0	0
CYP2C9	*3x2	NA	NA	True	1.2e-05	2.8e-05	0	0	0	7.3e-06	0	5.1e-05
CYP2C9	*46	PV00582	decreased function	False	1.2e-05	5.6e-05	0	0	0.00022	0	0	5.1e-05
CYP2C9	*17	PV00553	uncertain function	False	5.8e-06	0	0	0	0	7.3e-06	0	0
CYP2C9	*26	PV00562	decreased function	False	5.8e-06	2.8e-05	0	0	0.00022	0	0	0
CYP2C9	*30	PV00566	decreased function	False	5.8e-06	2.8e-05	0	0	0	0	0	5.1e-05
CYP2C9	*37	PV00573	decreased function	False	5.8e-06	2.8e-05	0	0	0	0	0	5.1e-05
CYP2C9	*49	PV00585	uncertain function	False	5.8e-06	2.8e-05	0	0	0	0	0	5.1e-05
CYP2C9	*8x2	NA	NA	True	5.8e-06	2.8e-05	0.0003	0	0	0	0	0
CYP2D6	*1	PV00426	normal function	False	0.34	0.36	0.3	0.5	0.23	0.33	0.36	0.36
CYP2D6	*4	PV00429	no function	False	0.16	0.092	0.039	0.11	0.0026	0.18	0.099	0.12
CYP2D6	*2	PV00427	normal function	False	0.15	0.15	0.13	0.17	0.081	0.15	0.21	0.16
CYP2D6	*41	PV00465	decreased function	False	0.086	0.058	0.018	0.044	0.03	0.093	0.15	0.07
CYP2D6	*35	PV00459	normal function	False	0.047	0.023	0.0054	0.025	0.0018	0.053	0.0073	0.031
CYP2D6	*68	PV00490	no function	True	0.047	0.024	0.01	0.023	0.0018	0.052	0.019	0.033
CYP2D6	*5	PV00430	no function	True	0.031	0.034	0.059	0.022	0.037	0.03	0.028	0.033
CYP2D6	*10	PV00435	decreased function	False	0.026	0.077	0.032	0.012	0.34	0.013	0.053	0.042
CYP2D6	*9	PV00434	decreased function	False	0.022	0.011	0.0032	0.014	0.001	0.025	0.00081	0.014
CYP2D6	*3	PV00428	no function	False	0.013	0.0052	0.0016	0.0053	0.0002	0.015	0.0041	0.0071
CYP2D6	*33	PV00457	normal function	False	0.0092	0.0037	0.00095	0.0011	0.0002	0.011	0.0041	0.0059
CYP2D6	*6	PV00431	no function	False	0.0092	0.0049	0.0022	0.0053	0.0002	0.01	0.00081	0.0067
CYP2D6	*36	PV00460	no function	True	0.0086	0.041	0.0057	0.0011	0.22	0.00017	0.0041	0.018
CYP2D6	*2x2	NA	NA	True	0.008	0.012	0.017	0.016	0.0014	0.0069	0.0097	0.013
CYP2D6	*17	PV00441	decreased function	False	0.0078	0.031	0.17	0.0081	0	0.0019	0	0.026
CYP2D6	*1x2	NA	NA	True	0.0064	0.0054	0.0076	0.0047	0.0014	0.0067	0.0057	0.0062
CYP2D6	*4N	PV00250	no function	True	0.004	0.0026	0.0035	0.0012	0.00061	0.0044	0.0016	0.0034
CYP2D6	*29	PV00453	decreased function	False	0.0035	0.016	0.075	0.0064	0	0.00041	0	0.014
CYP2D6	*59	PV00483	decreased function	False	0.0033	0.001	0.00032	0.00062	0	0.0038	0	0.0016
CYP2D6	*28	PV00452	uncertain function	False	0.0029	0.003	0.00032	0.0047	0.0002	0.0029	0	0.0037
CYP2D6	*4x2	NA	NA	True	0.0026	0.0061	0.027	0.0033	0	0.0016	0	0.0056
CYP2D6	*22	PV00446	uncertain function	False	0.0022	0.0012	0.00095	0.00078	0	0.0024	0.00081	0.0017
CYP2D6	*13	PV00438	no function	True	0.0014	0.00091	0.00063	0.0016	0.0004	0.0015	0	0.00092
CYP2D6	*45	PV00469	normal function	False	0.0013	0.006	0.029	0.0028	0	0.0001	0	0.0053
CYP2D6	*39	PV00463	normal function	False	0.0012	0.0014	0.0016	0.00047	0.0016	0.0011	0.0024	0.0016
CYP2D6	*10x2	NA	NA	True	0.00091	0.0043	0.00063	0.00016	0.024	3.6e-05	0.00081	0.0015
CYP2D6	*108	PV00525	unknown function	False	0.00082	0.00028	0	0.00031	0	0.00096	0	0.00041
CYP2D6	*43	PV00467	uncertain function	False	0.00067	0.0024	0.0082	0.0017	0.0002	0.00021	0.0073	0.002
CYP2D6	*2x3	NA	NA	True	0.00059	0.00068	0.00063	0.00016	0	0.00057	0.0024	0.00092
CYP2D6	*7	PV00432	no function	False	0.00055	0.00054	0	0.00031	0	0.00055	0.0032	0.00067
CYP2D6	*35x2	NA	NA	True	0.00049	0.00037	0	0.00047	0	0.00052	0	0.00051
CYP2D6	*14	PV00439	decreased function	False	0.00046	0.0022	0	0.00016	0.013	7.3e-06	0	0.00061
CYP2D6	*106	PV00523	uncertain function	False	0.00045	0.002	0.012	0.0019	0	3.6e-05	0	0.0012
CYP2D6	*40	PV00464	no function	False	0.00032	0.0016	0.0089	0.00047	0	7.3e-06	0	0.0012
CYP2D6	*15	PV00440	no function	False	0.00031	0.00025	0.00063	0	0.0004	0.00033	0.00081	0.0002
CYP2D6	*71	PV00493	uncertain function	False	0.00031	0.0013	0	0	0.0051	4.4e-05	0	0.0011
CYP2D6	*46	PV00470	normal function	False	0.00028	0.0012	0.006	0.00047	0	5.1e-05	0	0.001
CYP2D6	*53	PV00477	normal function	False	0.00028	0.0011	0	0.0042	0.0004	5.8e-05	0	0.00056
CYP2D6	*64	PV00488	uncertain function	False	0.00026	0.0011	0.0057	0	0	2.9e-05	0	0.0011
CYP2D6	*1x3	NA	NA	True	0.00025	0.00031	0.00032	0.00062	0.0004	0.00023	0.00081	0.00015
CYP2D6	*31	PV00455	no function	False	0.00022	0.00062	0	0.00031	0	0.00012	0	0.001
CYP2D6	*9x2	NA	NA	True	0.00021	0.00045	0.00032	0.00093	0	0.00015	0	0.00046
CYP2D6	*11	PV00436	no function	False	0.0002	0.00011	0	0.00016	0	0.00023	0	0.00015
CYP2D6	*49	PV00473	decreased function	False	0.00019	0.00085	0	0	0.0049	1.5e-05	0	0.00031
CYP2D6	*61	PV00485	uncertain function	True	0.00017	0.00017	0.00032	0	0.0002	0.00017	0.00081	0.00015
CYP2D6	*41x2	NA	NA	True	0.00016	0.0002	0.00032	0.00016	0	0.00015	0.0016	0.00015
CYP2D6	*62	PV00486	no function	False	0.00016	0.00014	0	0.00031	0	0.00017	0	0.00015
CYP2D6	*27	PV00451	normal function	False	0.00014	0.00014	0.00032	0.00016	0	0.00015	0	0.00015
CYP2D6	*6x2	NA	NA	True	0.00013	2.8e-05	0.00032	0	0	0.00015	0	0
CYP2D6	*84	PV00501	uncertain function	False	0.00011	0.00045	0.0022	0.00031	0	2.2e-05	0	0.00036
CYP2D6	*112	PV00529	unknown function	False	0.0001	0.00028	0.00032	0	0.0002	5.8e-05	0.0041	0.00015
CYP2D6	*17x2	NA	NA	True	9.9e-05	0.00042	0.0022	0	0	1.5e-05	0	0.00041
CYP2D6	*74	PV00496	unknown function	False	9.9e-05	0.00025	0	0.0011	0.0002	5.8e-05	0	5.1e-05
CYP2D6	*29x2	NA	NA	True	9.3e-05	0.00042	0.0013	0.00016	0	7.3e-06	0	0.00051
CYP2D6	*42	PV01407	no function	False	9.3e-05	0.00042	0.0019	0.00031	0	7.3e-06	0	0.00036
CYP2D6	*1x4	NA	NA	True	8.7e-05	5.7e-05	0	0.00016	0	9.5e-05	0	5.1e-05
CYP2D6	*41x3	NA	NA	True	8.7e-05	0	0	0	0	0.00011	0	0
CYP2D6	*4x3	NA	NA	True	8.7e-05	0.00031	0.0022	0	0	2.9e-05	0	0.0002
CYP2D6	*58	PV00482	unknown function	False	8.7e-05	0.0004	0.0016	0.00016	0	7.3e-06	0	0.00041
CYP2D6	*86	PV00503	unknown function	False	8.7e-05	0.00042	0	0	0	0	0.011	0.0001
CYP2D6	*43x2	NA	NA	True	7e-05	0.00034	0.0016	0.00016	0	0	0	0.00031
CYP2D6	*56	PV00480	no function	False	7e-05	0.00025	0.00095	0	0.0002	2.2e-05	0	0.00026
CYP2D6	*63	PV00487	uncertain function	True	7e-05	0.00011	0.00032	0.00016	0.0002	5.8e-05	0	5.1e-05
CYP2D6	*113	PV00530	unknown function	False	5.8e-05	0.00028	0	0	0	0	0.0057	0.00015
CYP2D6	*89	PV00506	uncertain function	False	5.8e-05	5.7e-05	0	0	0	5.8e-05	0	0.0001
CYP2D6	*3x2	NA	NA	True	5.2e-05	0	0	0	0	6.6e-05	0	0
CYP2D6	*21	PV00445	no function	False	4.6e-05	0.0002	0	0	0.00081	7.3e-06	0	0.00015
CYP2D6	*65	PV00489	uncertain function	False	4.6e-05	2.8e-05	0	0	0.0002	5.1e-05	0	0
CYP2D6	*34	PV00458	normal function	False	4.1e-05	0.00011	0.00063	0	0	2.2e-05	0	0.0001
CYP2D6	*94	PV00511	uncertain function	False	4.1e-05	0.0002	0	0	0.0012	0	0	5.1e-05
CYP2D6	*32	PV00456	function not assigned	False	3.5e-05	2.8e-05	0	0	0	3.6e-05	0	5.1e-05
CYP2D6	*101	PV00518	no function	False	2.9e-05	5.7e-05	0	0.00016	0	2.2e-05	0	5.1e-05
CYP2D6	*10x3	NA	NA	True	2.9e-05	5.7e-05	0	0	0.0004	2.2e-05	0	0
CYP2D6	*111	PV00528	unknown function	False	2.9e-05	0.00014	0	0	0	0	0.0032	5.1e-05
CYP2D6	*110	PV00527	unknown function	False	2.3e-05	5.7e-05	0	0	0.0002	1.5e-05	0	5.1e-05
CYP2D6	*19	PV00443	no function	False	2.3e-05	8.5e-05	0.00032	0	0	7.3e-06	0	0.0001
CYP2D6	*22x2	NA	NA	True	2.3e-05	0	0	0	0	2.9e-05	0	0
CYP2D6	*23	PV00447	uncertain function	False	2.3e-05	2.8e-05	0	0	0.0002	2.2e-05	0	0
CYP2D6	*52	PV00476	uncertain function	False	2.3e-05	0.00011	0.00063	0	0.0002	0	0	5.1e-05
CYP2D6	*12	PV00437	no function	False	1.7e-05	2.8e-05	0.00032	0	0	1.5e-05	0	0
CYP2D6	*4x4	NA	NA	True	1.7e-05	5.7e-05	0.00063	0	0	7.3e-06	0	0
CYP2D6	*107	PV00524	unknown function	False	1.2e-05	2.8e-05	0	0	0.0002	7.3e-06	0	0
CYP2D6	*1x5	NA	NA	True	1.2e-05	2.8e-05	0	0.00016	0	7.3e-06	0	0
CYP2D6	*24	PV00448	uncertain function	False	1.2e-05	0	0	0	0	1.5e-05	0	0
CYP2D6	*30	PV00454	uncertain function	False	1.2e-05	2.8e-05	0	0	0	7.3e-06	0	5.1e-05
CYP2D6	*33x2	NA	NA	True	1.2e-05	0	0	0	0	1.5e-05	0	0
CYP2D6	*39x2	NA	NA	True	1.2e-05	5.7e-05	0	0	0.0002	0	0	5.1e-05
CYP2D6	*50	PV00474	decreased function	False	1.2e-05	5.7e-05	0	0	0.0002	0	0	5.1e-05
CYP2D6	*69	PV00491	no function	False	1.2e-05	0	0	0	0	1.5e-05	0	0
CYP2D6	*75	PV00497	uncertain function	False	1.2e-05	5.7e-05	0	0	0.0004	0	0	0
CYP2D6	*95	PV00512	uncertain function	False	1.2e-05	5.7e-05	0	0	0	0	0	0.0001
CYP2D6	*102	PV00519	unknown function	False	5.8e-06	0	0	0	0	7.3e-06	0	0
CYP2D6	*106x2	NA	NA	True	5.8e-06	2.8e-05	0	0	0	0	0	5.1e-05
CYP2D6	*109	PV00526	uncertain function	False	5.8e-06	0	0	0	0	7.3e-06	0	0
CYP2D6	*10x4	NA	NA	True	5.8e-06	2.8e-05	0	0	0.0002	0	0	0
CYP2D6	*14x2	NA	NA	True	5.8e-06	2.8e-05	0	0	0.0002	0	0	0
CYP2D6	*18	PV01406	no function	False	5.8e-06	2.8e-05	0	0	0.0002	0	0	0
CYP2D6	*28x2	NA	NA	True	5.8e-06	0	0	0	0	7.3e-06	0	0
CYP2D6	*28x3	NA	NA	True	5.8e-06	0	0	0	0	7.3e-06	0	0
CYP2D6	*3x3	NA	NA	True	5.8e-06	0	0	0	0	7.3e-06	0	0
CYP2D6	*45x2	NA	NA	True	5.8e-06	2.8e-05	0	0	0	0	0	5.1e-05
CYP2D6	*4x5	NA	NA	True	5.8e-06	0	0	0	0	7.3e-06	0	0
CYP2D6	*53x2	NA	NA	True	5.8e-06	2.8e-05	0	0.00016	0	0	0	0
CYP2D6	*54	PV00478	decreased function	False	5.8e-06	0	0	0	0	7.3e-06	0	0
CYP2D6	*59x2	NA	NA	True	5.8e-06	0	0	0	0	7.3e-06	0	0
CYP2D6	*6x3	NA	NA	True	5.8e-06	0	0	0	0	7.3e-06	0	0
CYP2D6	*71x2	NA	NA	True	5.8e-06	2.8e-05	0	0	0.0002	0	0	0
CYP2D6	*72	PV00494	uncertain function	False	5.8e-06	2.8e-05	0	0	0	0	0	5.1e-05
CYP2D6	*74x2	NA	NA	True	5.8e-06	2.8e-05	0	0	0	0	0	5.1e-05
CYP2D6	*83	PV00500	uncertain function	True	5.8e-06	0	0	0	0	7.3e-06	0	0
CYP2D6	*96	PV00513	no function	False	5.8e-06	2.8e-05	0	0	0.0002	0	0	0
CYP2D6	*9x3	NA	NA	True	5.8e-06	2.8e-05	0	0	0	0	0	5.1e-05
CYP4F2	*1	PV00377	normal function	False	0.72	0.76	0.91	0.78	0.78	0.71	0.59	0.74
CYP4F2	*3	PV00376	function not assigned	False	0.28	0.24	0.089	0.22	0.22	0.29	0.41	0.26
CYP4F2	deletion	NA	NA	True	5.2e-05	0.00025	0	0	0.0015	0	0	0.0001
CYP4F2	*1x2	NA	NA	True	4.7e-05	8.4e-05	0	0.00029	0	3.7e-05	0	5.1e-05
